EFFICIENCY,IDLE,POWER,DAIMLER,YEARS
2.722,17.27,43.00,0,2
2.954,19.47,40.03,0,2
3.164,16.81,28.49,1,5
2.902,24.03,41.90,0,5
2.921,35.86,37.96,0,5
3.186,22.65,23.97,1,5
2.816,34.69,20.97,1,4
2.541,26.06,43.96,0,5
2.974,19.34,41.96,0,2
3.485,19.03,22.04,1,4
2.717,36.08,21.00,1,6
3.422,14.21,27.02,1,5
3.336,21.13,22.03,1,4
3.087,17.98,27.45,1,4
2.807,14.57,24.96,1,6
2.788,28.26,42.00,0,2
2.871,19.89,23.59,1,4
2.662,29.04,24.54,1,4
2.523,30.41,44.03,0,5
2.906,26.34,24.58,1,5
3.306,16.59,26.06,1,4
3.146,19.56,25.09,1,4
2.803,26.41,23.05,1,6
2.816,16.82,44.01,0,2
3.079,37.77,18.96,1,5
3.132,19.08,41.05,0,2
3.061,14.46,41.96,0,4
2.875,22.39,39.93,0,1
2.947, 8.58,33.98,1,5
2.880,32.74,21.99,1,4
2.599,25.29,24.98,1,5
3.089,19.09,25.05,1,6
3.018,24.64,20.45,1,6
3.026,14.30,23.01,1,6
2.499,29.10,27.41,1,6
2.647,24.41,25.50,1,5
3.093,36.89,17.52,1,4
2.835,18.79,31.01,1,5
2.793,27.26,20.01,1,5
2.735,30.50,42.85,0,2
2.715,19.31,26.97,1,5
2.911,27.17,19.60,1,4
2.677,34.99,21.48,1,5
3.192,23.32,23.10,1,4
3.495,12.05,24.53,1,5
2.816,29.34,21.98,1,5
2.651,19.93,43.99,0,3
3.104,18.73,39.03,0,3
3.207,41.05,16.44,1,5
2.798,15.00,44.96,0,2
3.035,23.19,23.49,1,4
2.902,14.83,42.97,0,3
2.919,13.07,26.50,1,5
3.032,39.83,17.44,1,4
2.822,15.29,45.02,0,3
2.815,15.05,43.93,0,2
2.948,29.15,20.57,1,6
3.244,14.91,27.52,1,4
2.932,29.45,23.53,1,5
3.094,13.83,41.87,0,3
2.573,36.35,42.00,0,3
3.017,32.67,39.98,0,2
3.127,18.50,40.06,0,3
3.327,12.19,27.41,1,4
3.770,14.81,23.52,1,5
2.703,21.70,40.10,0,4
2.739,36.67,17.01,1,4
2.797,19.70,27.98,1,4
2.808,16.55,29.53,1,5
2.950,39.54,18.54,1,4
3.162,18.03,38.01,0,4
2.941,13.73,41.99,0,2
3.422,31.11,16.98,1,4
2.848,29.57,21.48,1,5
2.612,27.18,42.08,0,2
3.065,28.30,39.00,0,3
3.058,15.64,27.53,1,5
3.505,14.40,36.01,0,4
2.817,13.47,43.96,0,2
2.775,31.59,41.92,0,5
2.623,18.16,46.07,0,2
3.203,13.60,24.49,1,5
2.826,31.96,40.98,0,5
3.100,25.80,23.06,1,4
2.901,30.01,20.01,1,6
2.729,22.82,40.99,0,2
3.180,11.04,39.96,0,3
2.668,32.80,20.96,1,4
2.842,42.29,18.05,1,4
2.794,23.76,38.11,0,3
2.953,25.84,22.00,1,4
2.754,20.82,43.04,0,2
2.962,26.07,42.99,0,3
2.657,33.28,43.00,0,4
2.785,21.70,24.42,1,6
3.137,15.67,27.57,1,4
3.047,20.41,41.03,0,3
2.666,24.99,44.06,0,4
2.772,17.28,45.05,0,2
3.139,22.42,25.01,1,4
2.772,20.65,44.08,0,2
3.102,23.82,25.11,1,4
2.638,30.16,22.95,1,5
2.773, 8.71,44.91,0,2
2.692,17.08,44.09,0,2
2.742,23.82,44.94,0,2
2.833,24.27,23.96,1,4
2.619,37.45,24.05,1,5
3.238,16.42,24.45,1,4
2.809,35.94,21.01,1,4
3.303,13.16,27.07,1,4
2.851,24.67,43.02,0,2
3.447,20.15,22.06,1,5
2.833,16.32,42.97,0,2
2.645, 9.73,31.54,1,5
2.732,31.52,42.01,0,5
2.789,31.07,42.08,0,2
2.562,21.60,28.49,1,4
3.105,46.76,14.60,1,4
3.021,24.56,24.04,1,5
2.958,16.66,39.00,0,4
2.735,58.97,11.49,1,4
3.227,19.64,20.01,1,4
2.838,20.33,43.02,0,2
2.875,15.42,43.02,0,2
3.280,14.73,24.07,1,4
3.052,16.41,28.48,1,5
2.852,22.78,44.06,0,2
3.297,21.98,22.06,1,5
2.954,26.99,18.55,1,6
3.027,13.24,42.02,0,2
3.033,51.91,14.03,1,5
2.971,25.55,43.08,0,3
2.826,30.22,18.07,1,5
2.969,36.16,21.02,1,4
2.933,17.29,41.00,0,2
3.332,24.78,17.98,1,6
2.859,40.65,43.06,0,4
3.196,10.86,42.04,0,2
2.970,44.03,23.06,1,4
3.857, 9.58,23.61,1,4
3.094,25.15,21.00,1,4
3.121,20.40,25.10,1,5
3.120,23.42,23.04,1,5
2.888,18.39,41.97,0,2
2.850,18.52,42.02,0,2
2.793,19.36,45.05,0,2
3.274,22.19,22.51,1,4
2.620,27.14,25.98,1,5
2.808,15.36,43.08,0,3
3.333,17.35,24.52,1,4
3.278,29.80,17.47,1,4
3.028,17.43,37.90,0,2
2.996,18.70,41.97,0,4
2.901,18.38,42.00,0,3
3.084,19.30,43.97,0,4
3.137,17.95,40.09,0,3
3.139,29.63,19.57,1,4
2.642,22.01,44.98,0,4
2.660,38.09,19.53,1,5
3.236,11.35,27.00,1,6
2.923,18.45,41.96,0,2
3.226,27.56,20.09,1,5
2.921,21.18,21.49,1,5
3.324,11.65,28.06,1,5
2.683,10.85,45.91,0,2
3.070,12.41,39.99,0,2
2.592,33.66,20.97,1,5
2.736,56.68,11.58,1,5
2.788,32.96,45.03,0,2
3.010,26.42,23.01,1,4
2.848,28.48,25.94,1,5
2.808,36.26,19.00,1,4
2.850,25.92,43.01,0,2
3.050,18.51,27.00,1,5
2.924,20.83,25.01,1,5
2.617,22.55,25.43,1,5
3.043,33.74,20.54,1,5
3.292,20.85,22.56,1,4
3.051,20.28,23.61,1,5
2.339,37.08,23.07,1,6
2.919,16.39,42.96,0,3
3.091,39.87,16.90,1,4
2.758,30.66,22.48,1,4
3.103,14.16,27.47,1,4
3.057,22.50,40.98,0,3
2.617,31.54,19.96,1,6
3.352,33.15,19.03,1,5
2.905,22.65,26.02,1,5
2.746,18.57,43.94,0,2
3.112,35.25,18.95,1,5
3.149,13.82,29.03,1,6
3.214,21.85,23.96,1,4
2.621,25.49,25.45,1,5
2.469,33.92,21.02,1,6
2.580,17.85,29.45,1,5
2.959,15.66,27.52,1,5
2.932,26.61,19.89,1,5
2.689,27.31,22.98,1,4
2.737,22.80,45.05,0,4
3.309,22.73,24.05,1,5
2.753, 9.48,45.02,0,2
2.983,13.03,42.00,0,2
2.781,23.11,43.95,0,3
2.690,14.83,45.03,0,2
3.035,18.79,26.95,1,5
2.762,17.13,26.99,1,4
2.968,12.77,28.58,1,4
3.233,36.39,14.94,1,5
3.008,19.55,24.49,1,5
2.891,15.90,29.48,1,4
3.000,44.56,41.06,0,3
2.887,11.29,41.99,0,3
2.969,24.84,19.58,1,4
2.766,18.03,30.06,1,5
2.876,23.67,38.04,0,2
2.638,14.89,44.95,0,2
3.298,31.57,19.00,1,4
2.990,11.35,36.96,0,2
3.265,17.10,21.53,1,5
2.786,35.86,20.06,1,4
3.121,29.29,27.49,1,6
2.688,13.76,31.98,1,4
2.673,22.70,27.48,1,4
2.918,23.22,28.48,1,5
2.820,33.19,20.94,1,5
3.024,23.21,24.03,1,4
3.092,17.76,38.02,0,2
3.105,14.18,26.50,1,5
3.033,17.39,24.40,1,6
2.957,15.80,43.95,0,2
2.931,31.93,40.88,0,3
3.103,24.60,22.42,1,4
2.809,18.80,23.42,1,6
2.848,27.54,22.04,1,4
2.903,23.69,41.05,0,3
2.832,15.28,43.00,0,2
2.931,18.79,27.98,1,4
2.678,31.82,22.48,1,5
3.070,28.77,21.52,1,4
3.075,39.04,19.11,1,5
3.139,16.54,25.03,1,5
2.363,12.76,48.95,0,2
3.333,24.79,18.44,1,5
3.118,16.74,28.52,1,5
2.771,29.18,22.55,1,4
2.651,21.75,28.05,1,5
2.894,14.61,24.01,1,6
2.750,22.75,44.02,0,2
2.849,20.29,40.13,0,2
2.995,32.17,20.94,1,4
2.885,21.49,39.93,0,2
3.008,31.95,22.53,1,5
3.559,15.01,24.52,1,5
2.832,20.50,44.00,0,3
2.925,26.79,21.52,1,6
3.045,29.58,17.01,1,5
3.894,15.09,20.98,1,4
2.690,12.86,46.07,0,2
3.205,34.22,16.07,1,5
2.746,20.97,44.10,0,2
3.164,20.40,43.01,0,3
2.719,12.37,46.92,0,2
3.724,14.25,19.99,1,6
2.809,40.54,17.42,1,4
3.009,27.82,22.57,1,5
2.664,16.86,47.01,0,2
2.577,25.21,26.94,1,6
2.999,23.82,24.54,1,4
2.799,58.33,10.46,1,4
2.697,48.93,17.00,1,4
3.065,32.20,18.06,1,6
2.903,25.04,21.45,1,4
3.152,30.09,23.00,1,5
2.802,16.89,43.99,0,5
2.976,45.81,18.09,1,5
3.247,36.77,19.53,1,5
2.932,24.38,44.03,0,4
2.780,32.87,20.46,1,5
3.239,33.58,19.49,1,5
2.665,16.05,43.93,0,4
3.134,11.49,36.98,0,4
3.068,24.84,23.50,1,4
3.116,15.89,40.07,0,2
2.980,34.16,18.52,1,5
3.174, 9.64,29.45,1,4
3.020,22.07,40.05,0,5
3.119,20.15,24.95,1,5
2.694,16.58,27.50,1,5
3.210,30.38,21.04,1,4
2.953,23.33,41.98,0,5
3.295,17.47,25.52,1,4
3.057,29.10,21.44,1,4
2.981,16.28,39.97,0,2
2.902,15.02,43.94,0,2
3.122,19.17,25.07,1,4
3.032,21.99,41.12,0,2
2.602,22.51,46.94,0,5
3.038,17.34,39.08,0,3
3.306,12.80,25.48,1,4
3.001,13.34,40.02,0,4
2.984,16.72,27.50,1,4
2.977,13.32,26.46,1,4
3.424,26.80,18.07,1,6
3.166,33.08,19.01,1,4
2.980,24.40,24.49,1,4
2.619,19.15,29.42,1,4
3.466,19.60,20.41,1,4
3.037,30.62,35.99,0,2
2.946,38.87,19.55,1,4
2.986,21.19,25.46,1,5
2.956,24.92,22.94,1,5
2.854,26.08,21.45,1,6
3.033,20.51,23.04,1,5
2.757,19.91,45.05,0,2
3.073,31.56,19.97,1,4
3.134,22.84,40.00,0,3
2.859,29.36,42.06,0,3
2.917,25.53,22.45,1,4
2.659,24.60,25.98,1,4
2.993,28.40,23.44,1,5
2.921,25.62,22.58,1,6
2.737,13.21,44.02,0,2
2.848,26.70,43.01,0,1
3.098,17.95,40.00,0,3
2.768,43.55,17.48,1,4
2.905,19.49,24.94,1,5
2.913,21.91,21.56,1,6
2.833,18.77,45.06,0,4
2.890,16.35,41.04,0,2
2.515,35.25,22.45,1,6
3.041,23.42,22.52,1,6
2.718,20.10,26.05,1,5
2.797,27.27,26.62,1,4
2.648,45.24,15.49,1,6
2.690,16.72,28.49,1,4
2.920,22.25,25.46,1,5
3.092,14.88,28.95,1,5
2.515,22.21,27.00,1,6
3.103,29.60,38.08,0,3
3.305,27.62,21.45,1,5
2.825,15.54,23.98,1,5
2.869,26.55,20.47,1,5
3.116,23.20,38.04,0,3
2.564,20.36,45.03,0,5
2.906,38.65,19.95,1,4
3.476,13.15,23.47,1,6
3.041,25.76,18.99,1,5
3.049,33.34,20.03,1,5
2.985,32.95,42.01,0,3
2.997,21.95,26.47,1,5
3.003,18.95,27.94,1,5
3.266, 9.32,30.45,1,4
2.816,17.96,43.02,0,2
3.069,20.24,24.50,1,5
3.071,21.79,22.98,1,5
3.191,26.76,20.54,1,4
2.944,23.94,23.48,1,4
2.759,30.21,41.98,0,2
3.251,23.02,21.50,1,4
2.338,20.60,44.88,0,2
2.941,33.94,32.98,0,1
2.910,26.25,24.05,1,4
2.931,40.97,18.44,1,4
3.190,26.21,37.94,0,3
2.826,22.80,25.04,1,4
2.910,34.95,19.45,1,4
3.123,19.74,27.02,1,4
3.679,15.58,22.49,1,5
3.027,24.93,21.52,1,5
2.661,22.71,23.98,1,6
3.278,13.67,40.00,0,2
2.921,29.63,21.98,1,5
2.988,17.18,28.46,1,5
2.617,31.32,47.01,0,4
3.195,25.65,38.05,0,2
2.961,15.49,25.44,1,6
3.239,17.77,24.98,1,4
3.020,22.70,22.01,1,4
3.405,12.02,25.52,1,5
3.452,13.23,25.51,1,5
3.280,16.62,23.50,1,4
2.740,28.55,21.92,1,4
3.049,13.61,25.98,1,4
2.678,33.05,18.94,1,5
2.635,23.49,43.92,0,2
3.375,25.18,23.46,1,4
3.434,31.53,17.90,1,5
2.905,17.20,41.99,0,2
2.796,23.07,41.97,0,3
2.753,36.97,42.06,0,4
2.726,10.09,45.12,0,2
2.662,28.04,43.98,0,4
2.698,29.05,26.96,1,5
3.136,33.50,16.89,1,4
2.873,23.24,24.99,1,5
2.707,35.38,44.99,0,2
3.218,23.68,25.47,1,5
2.688,30.58,43.97,0,3
3.258,15.93,25.98,1,4
2.956,13.51,42.09,0,1
3.216,21.02,19.48,1,6
2.644,23.50,26.03,1,4
2.858,15.37,40.06,0,3
3.231,17.78,25.54,1,4
2.559,35.04,24.10,1,5
2.965,22.73,23.95,1,5
2.539,24.60,47.00,0,5
2.876,33.57,22.49,1,4
2.882,35.82,19.05,1,4
2.674,36.49,44.01,0,2
2.982,26.76,21.49,1,4
2.873,14.31,44.12,0,2
3.192,18.82,41.00,0,3
3.074,21.94,25.02,1,5
2.792,32.16,18.94,1,6
2.616,20.88,28.03,1,5
2.739,25.60,41.06,0,3
3.772,14.01,22.99,1,4
3.250,26.90,21.94,1,4
2.744,29.43,24.90,1,4
2.866,24.76,24.08,1,5
3.553,17.54,24.02,1,4
2.806,14.74,41.92,0,2
2.798,16.80,25.48,1,4
2.948,17.48,41.98,0,5
2.792,19.34,41.95,0,4
3.237,14.13,26.06,1,5
2.815,37.69,41.98,0,3
2.753,35.00,41.89,0,2
2.886,29.47,22.00,1,5
2.752,23.84,29.00,1,4
3.349,13.43,24.43,1,5
3.440,14.16,36.95,0,2
2.865,22.07,24.51,1,5
3.274,26.01,19.50,1,4
3.093,32.62,24.02,1,4
3.038,19.69,25.05,1,4
3.043,13.63,41.02,0,2
2.851,33.44,43.07,0,3
2.810,16.63,31.96,1,5
3.010,36.24,19.48,1,4
2.791,36.87,19.55,1,6
3.203,31.14,19.01,1,5
3.456,14.88,21.43,1,5
2.945,16.28,43.12,0,2
3.323,12.31,25.45,1,5
2.555,27.24,41.98,0,3
2.636,23.34,45.01,0,2
3.005,18.82,26.91,1,4
3.358,13.43,26.02,1,4
3.176,29.01,20.43,1,5
2.838,16.54,26.01,1,5
3.102,18.65,25.55,1,5
2.892,35.55,21.55,1,4
3.414,15.94,23.48,1,5
2.921,36.68,20.09,1,5
3.047,23.02,23.55,1,5
3.016,27.08,42.01,0,3
3.024,16.21,27.40,1,5
2.751,24.52,42.96,0,5
3.045,20.66,40.01,0,2
2.682,42.19,18.50,1,5
3.225,17.76,24.02,1,5
3.372,19.68,37.97,0,2
2.905,39.16,18.99,1,4
2.880,19.38,44.03,0,2
3.006,20.97,24.93,1,5
2.666,32.34,24.98,1,4
3.051,36.09,18.99,1,4
2.909,12.08,29.01,1,4
3.074,33.12,21.01,1,4
2.648,37.86,17.47,1,5
3.087,21.76,24.49,1,4
3.237,21.83,24.47,1,4
2.946,23.40,21.93,1,6
2.856,23.19,39.92,0,3
3.058,21.66,40.96,0,2
2.967,35.85,18.01,1,4
2.969,28.37,16.50,1,5
2.779,17.28,39.01,0,3
2.905,26.72,41.02,0,2
3.693,11.33,35.01,0,4
2.853,32.58,22.00,1,5
3.592,10.68,24.42,1,4
2.991,15.19,27.94,1,5
2.994,30.61,22.51,1,5
3.181,16.42,25.49,1,5
3.088,15.24,29.47,1,5
3.183,13.77,24.04,1,6
2.978,22.76,41.97,0,3
3.127,20.20,24.42,1,5
3.155,26.50,22.52,1,4
3.010,18.19,24.64,1,4
3.323,13.39,26.93,1,4
2.555,21.77,44.95,0,2
2.931,20.98,22.00,1,5
3.500,20.46,22.00,1,5
2.967,22.08,24.50,1,5
2.650,31.95,23.99,1,4
2.861,31.06,17.47,1,5
2.908,19.31,24.95,1,5
3.080,29.98,20.10,1,6
2.960,18.84,25.91,1,4
2.836,34.32,43.91,0,3
3.044,18.38,26.51,1,4
2.719,14.58,25.07,1,4
3.212,21.00,23.00,1,4
2.542,45.28,18.42,1,5
3.013,25.15,22.96,1,5
2.704,27.42,22.95,1,4
2.755,21.56,23.99,1,6
3.017,12.74,30.61,1,4
2.438,31.21,22.45,1,6
2.947,27.61,21.97,1,5
3.039,29.37,21.52,1,5
2.738,22.66,44.01,0,3
2.858,30.11,40.00,0,5
2.746,22.75,42.04,0,4
2.561,18.97,44.92,0,4
3.014,19.15,23.97,1,4
2.597,41.05,18.41,1,6
3.352,13.79,26.96,1,5
3.391,38.29,16.52,1,4
2.851,17.43,27.46,1,5
2.917,23.42,21.94,1,5
3.123,19.75,38.97,0,3
3.860,14.13,23.02,1,4
2.895,28.33,23.08,1,5
2.727,22.55,27.48,1,5
3.085,29.27,21.43,1,4
2.794,21.56,43.02,0,3
3.413,15.94,25.37,1,4
3.836,24.27,18.06,1,4
3.437,24.87,21.53,1,5
2.612,39.71,19.06,1,5
2.908,23.80,39.98,0,3
2.683,34.65,42.94,0,2
2.928,18.29,26.96,1,5
3.118,20.28,26.04,1,5
2.604,23.07,45.02,0,3
2.982,12.91,29.92,1,5
3.392,20.11,24.02,1,4
2.747,19.40,25.97,1,4
2.840,14.49,44.04,0,2
2.978,27.14,41.99,0,3
3.130,20.88,22.55,1,4
3.174,23.86,21.05,1,5
3.059,14.35,30.49,1,5
2.895,23.22,24.05,1,5
2.910,27.20,24.05,1,4
3.244,19.86,23.03,1,5
3.229,26.24,23.07,1,5
3.133,33.28,41.97,0,3
2.693,16.86,44.04,0,3
2.807,29.50,21.09,1,6
2.981,16.57,43.07,0,4
3.037,20.49,43.04,0,3
2.495,19.97,27.52,1,5
2.680,26.30,26.06,1,5
3.392,30.39,18.39,1,5
2.603,22.56,24.96,1,5
2.891,17.40,43.96,0,2
2.802,17.96,27.50,1,5
2.959,13.20,41.01,0,4
2.746,17.11,45.01,0,5
2.628,17.11,25.01,1,6
3.183,17.74,24.02,1,4
3.156,16.29,27.49,1,4
2.594,26.42,44.99,0,3
3.243,22.77,24.09,1,4
3.007,24.72,23.99,1,5
3.170,27.12,19.47,1,5
2.704,34.50,22.98,1,5
2.792,14.72,33.47,1,5
3.089,15.45,42.97,0,2
3.120,30.24,20.54,1,4
3.378,14.64,27.60,1,4
2.899,16.94,42.96,0,2
3.029,20.19,25.95,1,5
3.546,23.80,19.65,1,4
2.893,21.73,23.97,1,6
3.075,14.06,27.43,1,5
2.747,18.61,45.05,0,4
3.005,14.25,27.51,1,5
2.914,28.60,22.46,1,4
2.841,28.04,21.51,1,5
3.080,28.41,20.50,1,4
3.339,19.07,21.96,1,4
3.255,20.06,21.47,1,4
2.845,41.33,18.01,1,6
2.924,26.11,22.09,1,6
3.077,17.83,37.99,0,3
2.584,27.90,25.09,1,5
2.736,25.70,21.52,1,4
2.853,20.58,28.49,1,4
2.923,21.23,23.50,1,5
2.785,24.51,26.01,1,5
2.915,14.41,24.95,1,6
2.806,20.44,26.91,1,5
3.242,13.21,23.02,1,5
3.037,25.56,24.91,1,5
2.941,42.89,17.44,1,5
3.037,32.78,20.46,1,4
3.258,23.86,22.99,1,4
3.185,12.98,26.54,1,5
2.910,19.49,27.97,1,5
2.971,38.24,19.47,1,4
2.868,36.70,18.99,1,5
3.474,16.57,21.45,1,4
3.056,27.06,22.53,1,4
2.806,39.45,42.06,0,3
2.957,15.21,27.44,1,4
3.083,26.32,21.95,1,5
2.750,14.77,28.48,1,4
3.043,24.90,19.99,1,6
3.037,21.09,27.56,1,5
3.048,14.27,40.02,0,4
2.776,18.13,26.02,1,4
2.591,22.90,28.54,1,4
2.886,15.07,28.94,1,5
2.907,14.77,35.97,0,2
2.441,29.69,44.94,0,2
3.125,18.99,25.53,1,4
3.419,15.37,23.91,1,4
2.801,35.00,42.02,0,3
3.285,19.16,23.09,1,4
3.305,14.46,25.51,1,5
2.630,20.33,45.13,0,3
3.108,20.69,26.51,1,5
2.816,19.52,24.45,1,5
3.486,11.19,26.41,1,5
3.107,22.43,24.04,1,4
2.853,31.38,20.95,1,4
3.092,28.30,23.02,1,4
2.326,23.99,30.98,1,6
2.883,17.49,26.52,1,5
2.838,22.79,42.96,0,3
3.000,11.54,44.01,0,2
2.692,22.32,25.03,1,6
3.315,17.82,24.03,1,4
2.854,21.33,42.99,0,3
3.152,30.78,19.46,1,4
3.055,28.42,20.51,1,4
2.640,39.40,19.94,1,4
2.905,38.48,18.52,1,5
3.617,13.64,22.01,1,5
3.130,28.47,21.07,1,5
2.784,19.06,43.96,0,2
2.764,25.51,40.07,0,1
2.967,24.65,22.02,1,4
3.206,15.43,24.49,1,5
3.069,19.38,26.56,1,6
2.835,24.28,42.09,0,4
3.013,23.71,27.03,1,5
3.197,23.24,20.48,1,6
2.733,35.08,20.50,1,5
2.666,28.64,23.99,1,6
2.794,24.41,45.07,0,4
3.267,41.83,15.55,1,4
2.800,30.48,43.00,0,2
2.948,24.00,23.96,1,5
3.225,16.96,37.98,0,2
2.712,21.87,43.99,0,2
3.264,25.28,37.00,0,3
2.884,25.74,40.91,0,3
2.668,17.13,27.97,1,4
2.972,34.23,17.50,1,6
2.654,38.05,21.01,1,4
2.707,21.72,43.05,0,3
2.780,39.87,20.50,1,5
3.041,31.51,20.45,1,4
3.093,22.93,21.96,1,4
2.940,27.80,41.01,0,3
2.465,59.40,42.05,0,3
2.949,31.11,23.52,1,5
3.230, 9.49,31.40,1,5
2.883,23.49,26.51,1,5
3.337,16.71,23.96,1,4
2.920,13.74,42.14,0,2
3.045,26.27,21.96,1,5
3.098,25.36,21.46,1,4
2.910,23.96,42.04,0,4
2.957,19.69,25.54,1,4
2.820,39.71,17.59,1,4
3.356,46.13,11.02,1,6
3.029,39.00,18.53,1,6
3.125,22.21,24.56,1,4
3.185,12.96,42.03,0,2
3.258,19.34,22.03,1,4
2.970,19.70,23.01,1,5
2.737,37.30,43.10,0,4
2.869,23.92,38.00,0,2
2.844,22.51,23.58,1,4
2.959,27.62,20.91,1,6
3.997,25.46,17.48,1,5
3.030,23.02,39.06,0,4
2.931,23.24,40.04,0,3
2.628,50.39,11.93,1,6
2.998,35.81,20.53,1,4
3.228,19.39,23.97,1,5
2.929,17.82,28.98,1,5
2.815,19.82,43.95,0,5
2.819,20.14,23.50,1,6
2.418,28.39,43.00,0,2
2.790,23.72,45.00,0,2
2.497,38.60,47.02,0,5
2.520,40.97,20.03,1,5
3.127,31.31,20.45,1,4
2.880,17.04,24.09,1,4
3.062,17.43,25.94,1,6
2.558,16.86,30.05,1,4
2.910,20.55,24.91,1,4
2.874,18.60,44.97,0,2
2.977,27.81,38.99,0,3
2.700,21.04,44.02,0,2
2.902,15.76,28.54,1,4
2.779,32.52,45.03,0,2
2.917,25.59,44.01,0,3
2.517,23.68,44.08,0,2
3.327,24.66,21.05,1,5
2.611,20.72,44.04,0,5
2.806, 8.17,45.98,0,2
2.965,27.88,22.46,1,5
2.683,17.82,26.51,1,4
2.917,10.47,31.96,1,4
3.014,18.85,39.03,0,3
2.596,13.56,45.03,0,2
3.068,17.57,26.02,1,6
2.840,25.42,24.97,1,5
3.253,16.08,35.97,0,2
3.447,11.67,25.01,1,5
2.965,14.19,30.54,1,5
2.718,23.02,27.02,1,5
3.385,14.58,26.95,1,5
3.662,13.00,23.45,1,4
2.612,29.12,41.00,0,1
3.164,24.66,23.02,1,4
3.099,21.68,24.96,1,4
3.002,17.03,28.11,1,5
3.063,17.42,28.48,1,5
2.655,34.18,22.36,1,5
2.807,12.63,41.98,0,2
2.894,20.40,41.96,0,5
2.829,13.89,26.45,1,6
2.843,37.31,19.54,1,5
2.686,42.47,41.95,0,5
2.609,24.37,42.11,0,5
2.687,43.97,18.49,1,5
2.919,19.83,42.96,0,3
2.752,21.50,41.98,0,3
2.972,22.02,24.44,1,4
2.977,31.34,21.52,1,4
2.957,28.55,24.04,1,4
2.595,28.90,23.62,1,6
2.930,44.41,39.96,0,5
3.033,46.12,15.12,1,4
2.998,23.06,24.99,1,4
3.026,25.06,25.53,1,4
2.953,26.01,19.89,1,4
2.731,35.08,21.61,1,4
2.966,12.71,25.53,1,5
2.639,27.56,43.97,0,2
3.187,21.83,23.95,1,5
2.936,28.93,40.09,0,3
2.673,20.84,27.03,1,5
2.917,19.78,42.98,0,2
3.034,27.76,23.02,1,4
2.911,21.25,39.97,0,2
2.904,25.71,23.57,1,5
2.915,20.07,24.47,1,4
3.251,10.83,39.97,0,2
2.707,17.52,25.98,1,5
3.330,17.46,23.93,1,4
2.538,30.30,43.03,0,5
3.631,13.03,24.47,1,4
2.790,18.77,28.01,1,5
2.995,31.58,18.03,1,4
2.515,24.87,45.05,0,4
3.445,29.11,24.43,1,4
3.064,13.80,28.09,1,5
3.060,35.63,18.04,1,6
3.133,25.15,24.06,1,4
2.654,30.04,45.02,0,2
3.006,22.94,24.59,1,4
3.112,21.86,22.58,1,6
3.020,28.42,19.02,1,6
3.080,27.63,39.08,0,2
2.815,29.13,20.95,1,4
2.680,20.73,44.96,0,2
3.169,32.21,38.96,0,3
3.111,19.99,22.46,1,6
2.967,31.48,22.07,1,5
2.857,12.82,43.92,0,2
2.762,12.76,30.41,1,4
2.891,25.86,44.05,0,3
3.089,19.29,27.48,1,4
2.769,37.12,18.53,1,5
3.309,11.39,27.04,1,4
2.831,30.26,20.42,1,6
3.089,15.97,26.47,1,4
2.758,30.40,21.90,1,4
2.917,24.11,25.53,1,4
3.127,15.43,27.43,1,5
2.960,22.99,24.58,1,5
3.189,14.87,23.03,1,5
2.732,19.04,28.48,1,5
2.779,15.93,42.02,0,3
2.885,17.65,28.54,1,5
3.060,19.24,25.07,1,4
3.251,32.80,18.49,1,4
3.013,11.75,40.09,0,2
2.841,19.76,45.11,0,2
2.669,25.44,42.01,0,2
2.729,40.71,21.50,1,5
2.725,37.54,18.53,1,4
3.017,41.99,23.98,1,4
3.093,29.11,20.02,1,5
2.966,14.96,25.05,1,5
3.224,19.46,24.50,1,5
3.103,26.33,40.00,0,3
2.986,30.72,20.01,1,4
2.974,25.70,41.89,0,2
2.931,23.04,24.05,1,4
2.736, 9.10,46.94,0,2
2.667,33.91,39.02,0,3
3.578,13.20,25.51,1,4
3.198,19.19,23.00,1,5
3.000,43.16,15.46,1,4
2.702,25.77,24.54,1,4
2.714,19.76,44.99,0,3
2.450,18.90,32.60,1,5
3.202,24.96,23.00,1,4
2.869,22.68,43.99,0,2
2.894,23.78,22.54,1,4
2.927,22.78,41.98,0,2
2.807,16.20,44.98,0,2
3.157,15.51,27.05,1,5
3.111,16.90,26.48,1,5
2.651,34.03,21.00,1,5
2.830,16.31,34.50,1,6
2.787,40.53,43.11,0,3
3.162,17.93,20.63,1,6
3.088,31.79,40.06,0,2
2.865,28.17,24.46,1,5
3.006,25.05,41.02,0,3
3.019,36.81,19.89,1,5
2.947,23.37,40.93,0,3
2.876,18.50,26.53,1,4
2.815,29.56,21.49,1,4
3.110,31.75,16.92,1,6
3.280,21.20,39.04,0,3
3.097,20.19,26.55,1,5
3.122,32.64,18.99,1,4
2.501,19.86,31.94,1,4
2.977,31.77,21.54,1,5
2.973,18.15,41.00,0,2
2.734,22.68,42.98,0,2
3.347,28.34,19.99,1,4
2.687,26.73,42.95,0,3
2.985,15.34,28.99,1,4
2.805,40.98,18.48,1,5
2.965,25.64,21.52,1,5
2.625,18.63,29.96,1,5
3.328,21.37,19.02,1,4
3.689,19.31,23.96,1,4
2.983,24.37,23.57,1,4
2.782,20.69,43.00,0,4
2.803,20.55,24.01,1,5
3.097,35.94,16.91,1,5
2.884,22.80,25.89,1,5
3.082,32.32,19.00,1,4
3.155,16.78,24.50,1,5
2.874,17.72,39.98,0,5
2.851,14.12,42.96,0,2
3.041,13.36,28.95,1,4
2.720,20.08,45.11,0,2
3.022,15.26,39.96,0,4
2.864,39.33,19.06,1,5
2.852,34.51,20.59,1,5
2.903,32.72,39.97,0,5
3.322,24.08,20.95,1,4
3.154,25.67,22.52,1,5
2.645,25.85,24.47,1,5
3.264,14.39,24.44,1,5
2.989,25.09,24.49,1,6
3.070,31.54,21.89,1,4
2.976,28.97,21.99,1,4
2.708,30.88,42.03,0,2
3.083,24.83,21.52,1,5
3.063,26.68,41.06,0,3
3.141,16.87,25.57,1,4
3.128,22.35,22.92,1,4
3.025,21.28,41.99,0,3
3.793,11.75,25.11,1,4
3.009,26.05,23.50,1,5
2.952,22.76,43.02,0,3
3.312,21.77,24.56,1,5
3.004,25.51,21.48,1,6
2.650,31.28,22.51,1,6
2.608,30.40,21.96,1,6
3.162,13.99,30.04,1,5
2.995,18.94,26.54,1,5
2.789,16.88,23.98,1,4
3.035,16.25,28.03,1,4
2.599,39.98,18.49,1,4
3.198,22.92,23.52,1,5
3.091,26.51,20.46,1,5
3.153,29.43,18.99,1,4
2.923,22.48,42.06,0,3
3.300,15.14,24.00,1,6
2.954,25.61,23.47,1,5
2.851,35.36,20.53,1,5
4.189,12.03,22.05,1,4
2.940,18.21,40.01,0,2
3.018,32.91,21.02,1,4
3.023,25.48,24.46,1,5
3.205,22.59,22.55,1,4
3.018,13.66,24.52,1,4
3.429,18.04,37.94,0,3
2.856,15.61,45.06,0,3
2.831,20.34,28.03,1,5
2.992,29.40,22.95,1,5
3.434,24.60,20.40,1,5
3.140,16.55,41.92,0,3
2.657,17.98,44.98,0,5
2.963,22.47,40.99,0,3
2.877,18.87,29.48,1,5
2.735,24.89,42.01,0,5
2.660,24.95,43.96,0,2
2.698,22.67,44.93,0,2
3.121,31.29,39.07,0,4
2.684,21.01,25.98,1,5
3.419,20.29,23.54,1,5
2.905,20.73,43.01,0,3
2.770,18.95,25.10,1,5
3.563,22.58,19.99,1,4
2.688,33.00,19.56,1,6
3.053,13.67,29.05,1,4
3.008,41.77,17.03,1,4
3.068,23.13,22.53,1,5
2.663,20.02,44.00,0,4
3.211,18.94,37.99,0,3
3.102,16.84,40.00,0,3
3.202,30.39,20.96,1,5
2.673,32.71,41.94,0,3
3.282,24.62,21.53,1,4
2.759,25.63,26.01,1,5
2.897,36.81,17.57,1,5
3.085,20.42,38.93,0,3
2.938,26.88,41.08,0,5
2.708,26.43,46.95,0,3
3.015,22.28,22.01,1,6
2.821,18.61,41.96,0,4
3.146,22.20,23.56,1,5
2.623,35.43,44.01,0,4
3.051,16.96,41.95,0,3
2.883,12.42,39.96,0,2
3.412,35.42,17.02,1,4
2.769,37.12,19.01,1,6
2.833,36.70,20.99,1,4
2.884,31.07,43.14,0,2
2.872,26.57,20.07,1,5
2.726,22.25,25.39,1,5
3.187,11.65,28.02,1,4
3.013,39.43,17.60,1,5
3.260,28.51,34.97,0,3
2.953,39.67,23.00,1,5
2.844,29.69,43.98,0,2
3.352,20.99,21.95,1,4
3.204,23.23,25.46,1,5
3.021,14.95,28.03,1,5
3.114,24.25,21.96,1,5
2.637,21.57,45.11,0,2
2.634,43.01,19.53,1,5
2.913,26.62,24.97,1,4
2.658,15.62,27.97,1,4
2.486,26.02,45.08,0,5
2.672,28.51,44.01,0,3
2.874,20.34,25.04,1,4
2.807,34.43,38.98,0,3
2.723,21.27,41.98,0,4
2.737,26.40,43.05,0,2
2.819,16.42,27.06,1,6
2.845,24.38,42.97,0,2
2.895,28.79,22.53,1,5
3.012,22.25,22.47,1,5
2.997,25.00,22.54,1,5
3.239,26.18,21.53,1,4
3.163,14.24,25.00,1,4
3.361,28.26,20.03,1,5
2.771,34.59,41.02,0,5
3.110,13.00,28.00,1,5
2.827,27.68,41.95,0,5
3.188,26.54,22.44,1,5
3.019,25.79,24.03,1,5
2.676,15.23,43.02,0,2
2.423,44.49,18.97,1,6
2.867,21.14,21.96,1,5
2.856,17.17,24.54,1,5
3.005,43.94,14.52,1,4
2.670,30.60,21.49,1,4
2.766,53.37,14.08,1,4
3.091,10.34,30.52,1,5
3.249,24.51,22.01,1,4
2.677,26.85,24.55,1,5
3.111,16.13,28.03,1,5
2.890,21.54,38.97,0,2
3.364,25.44,23.55,1,4
2.626,20.03,43.01,0,5
3.278,32.16,20.48,1,4
3.079,35.81,22.93,1,4
2.686,16.77,26.59,1,5
2.952,33.49,19.53,1,5
2.993,10.21,45.01,0,2
3.077,28.61,22.49,1,4
2.931,20.77,26.63,1,5
3.023,30.46,41.93,0,3
2.749,32.19,20.07,1,6
2.748,38.15,42.02,0,5
2.701,26.41,41.08,0,2
3.534,24.06,20.05,1,4
3.659,11.13,22.49,1,5
2.985,29.14,24.53,1,4
2.699,14.69,26.49,1,6
3.022,28.76,24.00,1,5
2.864,18.85,27.60,1,5
2.665,24.40,44.07,0,2
3.491,12.57,24.96,1,4
2.904,35.55,22.09,1,5
2.685,21.01,47.02,0,3
2.633,49.23,16.05,1,6
3.269,10.35,28.52,1,5
2.555,22.97,25.09,1,5
3.280,16.39,22.98,1,4
3.064,33.85,18.98,1,5
2.839,34.27,19.96,1,4
3.158,17.32,28.97,1,5
3.106,17.65,23.49,1,6
3.051,19.01,25.52,1,5
3.737,13.46,22.96,1,4
3.223,13.78,28.48,1,5
2.951,24.77,40.02,0,3
2.801,28.36,22.48,1,4
3.250,12.71,36.99,0,4
2.911,16.49,42.95,0,2
2.483,18.85,31.43,1,5
2.850,18.28,25.53,1,5
2.845,21.33,25.95,1,5
2.559,31.63,41.97,0,2
2.721,23.84,25.93,1,4
2.811,26.98,18.93,1,4
2.722,16.89,44.93,0,5
3.152,18.34,25.50,1,4
3.147,47.49,12.48,1,5
2.429,49.23,16.10,1,6
2.847,15.20,26.97,1,5
3.112,26.18,23.46,1,5
2.830,24.53,45.89,0,2
2.904,19.53,42.06,0,2
3.077,19.40,39.92,0,5
2.565,45.72,17.49,1,6
2.905,16.59,27.53,1,5
2.856,40.94,17.99,1,4
3.055,15.74,23.46,1,4
2.755,16.17,45.98,0,1
2.646,45.35,18.11,1,4
2.587,22.59,42.00,0,2
3.125,17.66,38.95,0,3
3.211,28.23,20.95,1,4
2.521,36.01,21.54,1,5
3.202,16.42,28.00,1,4
3.326,23.55,41.08,0,3
2.952,16.33,42.08,0,5
3.071,39.04,16.00,1,6
3.166,17.27,26.46,1,4
3.075,33.91,20.47,1,4
2.799,22.38,28.07,1,5
3.088,24.77,24.99,1,4
3.107,19.36,40.05,0,3
2.983,15.77,24.55,1,5
2.842,19.80,42.05,0,2
2.968,12.20,44.99,0,3
3.202,23.48,38.99,0,3
3.041,23.47,43.03,0,5
2.557,37.67,21.50,1,4
2.942,14.30,29.05,1,4
2.887,35.17,21.45,1,5
3.092,12.84,42.00,0,2
2.936,17.12,28.63,1,4
3.274,19.09,36.02,0,3
2.987,23.56,23.54,1,4
2.928,32.65,23.07,1,5
3.208,18.53,37.06,0,2
2.837,14.12,45.03,0,2
2.597,25.36,44.10,0,4
2.916,26.61,39.93,0,3
2.787,18.84,43.98,0,2
2.882,16.19,41.99,0,3
2.771,40.29,20.51,1,5
3.729,12.09,23.56,1,4
2.888,16.72,28.55,1,5
2.585,25.04,44.96,0,2
2.856,19.36,25.55,1,4
3.672,14.03,22.63,1,5
3.276,28.93,37.95,0,3
2.462,26.85,45.91,0,5
3.170,18.28,24.93,1,4
2.935,21.89,23.45,1,5
2.827,31.61,25.06,1,4
3.226,18.35,24.52,1,5
3.111,28.86,24.52,1,4
3.078,25.92,38.95,0,3
2.963,19.34,26.46,1,5
2.868,43.84,24.05,1,5
3.073,24.26,23.03,1,5
2.914,35.73,42.96,0,3
2.919,39.80,18.99,1,5
2.749,22.82,42.98,0,2
3.162,11.49,28.49,1,5
2.972,22.18,23.49,1,5
3.005,38.78,35.90,0,4
2.693,15.48,42.98,0,4
3.056,19.52,41.96,0,3
3.177,15.37,24.51,1,4
2.795,19.11,27.03,1,6
2.990,25.11,39.02,0,5
2.757,18.57,31.52,1,5
2.897,40.87,19.02,1,4
3.009,24.87,22.97,1,6
2.952,19.36,42.06,0,2
2.862,23.47,23.04,1,4
2.650,14.05,46.09,0,2
3.202,26.17,40.00,0,3
3.014,27.88,22.97,1,5
2.994,32.47,20.00,1,5
2.826,18.91,43.96,0,3
2.755,16.03,42.01,0,2
2.816,25.44,39.03,0,5
3.222,17.53,40.05,0,3
2.642,20.42,45.01,0,2
2.910,20.86,42.01,0,5
2.865,36.34,19.60,1,4
2.780,37.30,18.57,1,4
3.167,12.83,27.02,1,5
2.925,21.65,27.96,1,5
2.568,13.54,46.94,0,2
3.247,28.19,20.55,1,5
2.839,22.64,22.98,1,6
2.985,15.33,26.48,1,5
2.615,21.91,45.93,0,3
3.154,40.64,40.00,0,3
2.678,29.00,45.01,0,3
2.815,25.35,25.53,1,5
2.890,36.63,19.48,1,5
2.992,15.81,41.97,0,2
3.284,20.58,23.48,1,5
2.866,12.88,41.97,0,5
3.108,27.00,22.42,1,4
2.759,31.73,42.08,0,5
2.876,23.29,41.05,0,2
2.671,10.16,45.01,0,2
2.677,27.92,23.00,1,5
2.765,21.42,24.01,1,4
2.557,12.72,46.98,0,2
2.611,31.43,20.91,1,5
2.139,38.41,46.11,0,5
2.570,47.05,16.01,1,6
2.844,24.67,40.03,0,2
2.895,31.46,44.93,0,3
3.374,21.39,20.99,1,5
2.857,10.26,45.05,0,2
2.771,48.35,15.54,1,5
2.803,29.47,26.04,1,5
3.054,32.69,19.86,1,5
2.793,15.95,44.94,0,2
2.891,21.64,44.99,0,2
2.835,17.06,28.99,1,6
2.963,30.79,22.01,1,5
2.717,20.23,42.08,0,3
2.838,34.94,44.06,0,2
2.699,17.65,45.11,0,2
3.387,19.21,21.50,1,5
2.980,28.07,24.47,1,5
2.551,15.51,47.04,0,5
2.409,48.04,18.52,1,4
2.772,31.23,45.01,0,2
2.927,22.13,26.10,1,5
2.687,17.23,27.02,1,4
2.618,26.75,45.01,0,2
2.766,26.72,43.97,0,2
2.965,19.35,40.03,0,1
2.699,34.67,44.03,0,3
3.190,17.63,25.52,1,4
2.972,49.44,14.53,1,5
2.726,25.91,23.96,1,5
2.830,24.08,42.94,0,2
2.903,29.72,21.58,1,5
2.711,19.92,26.43,1,4
3.035,26.63,22.57,1,4
2.866,26.56,24.97,1,5
2.853,21.31,43.99,0,2
2.703,16.85,46.00,0,2
3.152,24.18,22.04,1,4
3.040,30.98,20.13,1,6
3.063,21.13,23.98,1,5
2.885,21.26,22.94,1,5
2.958,16.18,40.05,0,4
2.620,37.87,43.97,0,4
2.938,28.33,21.45,1,5
2.757,13.59,43.98,0,2
2.869,38.01,44.95,0,3
3.042,24.44,23.54,1,5
2.970,48.14,15.45,1,5
2.926,28.83,41.05,0,3
3.205,16.02,26.95,1,4
2.691,21.78,45.02,0,2
3.195,20.26,25.46,1,5
2.868,31.08,42.01,0,3
2.926,28.11,22.93,1,4
2.795,25.39,40.98,0,2
3.302,28.11,20.57,1,4
4.044,22.00,16.99,1,4
2.823,14.63,45.02,0,2
2.915,29.44,39.04,0,3
2.909,39.04,20.49,1,4
3.295,31.12,36.99,0,3
2.819,25.21,24.00,1,4
2.832,18.04,26.00,1,4
3.087,34.95,17.99,1,5
2.994,21.99,43.08,0,2
2.868,25.01,42.00,0,2
2.785,15.66,28.00,1,5
3.066,19.75,21.97,1,5
2.850,29.29,42.04,0,4
3.143,27.83,21.06,1,4
2.855,13.12,37.07,0,2
2.850,20.31,29.54,1,5
2.856,37.95,19.00,1,4
2.879,36.38,41.05,0,3
2.776,17.01,44.98,0,2
3.329,17.07,24.06,1,5
3.143,17.40,27.56,1,4
2.602, 7.68,48.00,0,2
2.862,10.13,42.01,0,2
3.325,26.15,21.96,1,4
3.261,19.50,23.05,1,5
2.682,17.58,47.99,0,2
2.965,14.52,40.97,0,2
2.712,37.56,43.97,0,2
2.744,24.12,45.06,0,2
3.002,37.36,43.05,0,3
2.797,20.52,41.95,0,3
2.889,29.38,42.96,0,3
3.086,12.99,24.44,1,4
2.878,14.54,29.44,1,5
2.891,27.21,40.99,0,3
3.252,32.30,19.45,1,4
2.953,40.31,19.98,1,5
2.740,36.79,20.54,1,5
3.077,19.53,23.05,1,4
3.512,21.75,22.52,1,4
2.877,14.79,41.01,0,4
2.957,24.25,43.92,0,3
2.778,23.50,42.04,0,5
2.589,34.59,22.57,1,6
3.225,12.10,29.49,1,5
2.868,18.68,42.97,0,3
2.629,17.48,27.94,1,5
2.826,15.15,42.95,0,2
3.042,18.87,23.98,1,4
2.936,15.39,42.02,0,2
3.057,18.77,23.00,1,5
2.809,18.39,25.99,1,4
2.921,26.48,40.96,0,5
2.800,27.00,44.03,0,2
3.003,20.34,42.89,0,2
2.803,26.54,20.97,1,5
2.977,16.81,27.52,1,5
2.951,33.55,19.56,1,4
2.692,46.79,38.00,0,2
2.898,16.48,27.65,1,5
3.255,13.27,24.45,1,5
3.164,18.27,27.51,1,4
2.858,18.64,40.92,0,3
2.516,24.21,45.94,0,2
2.911,15.46,39.95,0,2
2.851,20.53,41.01,0,2
2.943,29.22,24.50,1,4
3.039,20.22,43.93,0,2
2.804,37.91,17.97,1,5
3.143,26.70,18.02,1,5
3.016,32.00,21.41,1,5
2.881,17.40,25.00,1,5
2.938,31.83,21.02,1,5
2.895,24.95,41.04,0,3
2.669,36.00,43.91,0,4
2.535, 5.78,51.07,0,2
3.301,10.01,40.08,0,4
3.134,13.25,26.96,1,5
2.502,37.26,43.00,0,4
2.626,26.87,22.49,1,5
2.669,14.74,31.44,1,4
3.008,12.93,26.44,1,5
2.642,22.93,43.95,0,5
2.910,26.13,20.97,1,5
3.193,19.72,23.50,1,4
3.160,40.80,18.44,1,4
2.704,11.87,49.09,0,2
2.882,18.28,41.93,0,3
3.134,23.39,23.98,1,4
3.035,18.00,24.54,1,6
2.740,20.63,44.00,0,3
2.875,25.94,41.98,0,3
3.140,28.36,16.96,1,4
3.283,14.96,23.00,1,4
2.864,27.29,20.95,1,5
2.992,24.74,23.04,1,5
2.857,40.46,17.46,1,4
2.889,20.55,41.09,0,3
3.046,34.79,18.54,1,4
